<?xml version="1.0" encoding="UTF-8"?>
<project-private xmlns="http://www.netbeans.org/ns/project-private/1">
    <editor-bookmarks xmlns="http://www.netbeans.org/ns/editor-bookmarks/2" lastBookmarkId="0"/>
    <open-files xmlns="http://www.netbeans.org/ns/projectui-open-files/2">
        <group>
            <file>file:/Users/newuser/NetBeansProjects/CollectionApp/src/SlidingLibrary/SLPanel.java</file>
            <file>file:/Users/newuser/NetBeansProjects/CollectionApp/src/BookShelf.java</file>
            <file>file:/Users/newuser/NetBeansProjects/CollectionApp/src/Main.java</file>
            <file>file:/Users/newuser/NetBeansProjects/CollectionApp/src/SidebarPanel.java</file>
            <file>file:/Users/newuser/NetBeansProjects/CollectionApp/src/TagPhotoPanel.java</file>
            <file>file:/Users/newuser/NetBeansProjects/CollectionApp/src/CollectionFrame.java</file>
            <file>file:/Users/newuser/NetBeansProjects/CollectionApp/src/MyTable.java</file>
            <file>file:/Users/newuser/NetBeansProjects/CollectionApp/src/SlidingLibrary/SLTransition.java</file>
        </group>
    </open-files>
</project-private>
